{
  "HTTP Request-1" : {
    "transaction" : "HTTP Request-1",
    "sampleCount" : 500,
    "errorCount" : 0,
    "errorPct" : 0.0,
    "meanResTime" : 0.7239999999999995,
    "medianResTime" : 1.0,
    "minResTime" : 0.0,
    "maxResTime" : 3.0,
    "pct1ResTime" : 1.0,
    "pct2ResTime" : 1.0,
    "pct3ResTime" : 2.0,
    "throughput" : 50.638039295118496,
    "receivedKBytesPerSec" : 31.154262456957664,
    "sentKBytesPerSec" : 6.97262064512862
  },
  "Total" : {
    "transaction" : "Total",
    "sampleCount" : 1500,
    "errorCount" : 0,
    "errorPct" : 0.0,
    "meanResTime" : 1.5506666666666655,
    "medianResTime" : 1.0,
    "minResTime" : 0.0,
    "maxResTime" : 28.0,
    "pct1ResTime" : 2.0,
    "pct2ResTime" : 3.0,
    "pct3ResTime" : 4.0,
    "throughput" : 151.51515151515153,
    "receivedKBytesPerSec" : 82.26799242424242,
    "sentKBytesPerSec" : 37.089646464646464
  },
  "HTTP Request-0" : {
    "transaction" : "HTTP Request-0",
    "sampleCount" : 500,
    "errorCount" : 0,
    "errorPct" : 0.0,
    "meanResTime" : 1.5600000000000012,
    "medianResTime" : 1.0,
    "minResTime" : 1.0,
    "maxResTime" : 24.0,
    "pct1ResTime" : 2.0,
    "pct2ResTime" : 2.0,
    "pct3ResTime" : 23.810000000000173,
    "throughput" : 50.51015254066067,
    "receivedKBytesPerSec" : 10.062569451459744,
    "sentKBytesPerSec" : 11.591685397514901
  },
  "HTTP Request" : {
    "transaction" : "HTTP Request",
    "sampleCount" : 500,
    "errorCount" : 0,
    "errorPct" : 0.0,
    "meanResTime" : 2.3680000000000008,
    "medianResTime" : 2.0,
    "minResTime" : 1.0,
    "maxResTime" : 28.0,
    "pct1ResTime" : 3.0,
    "pct2ResTime" : 3.0,
    "pct3ResTime" : 26.810000000000173,
    "throughput" : 50.505050505050505,
    "receivedKBytesPerSec" : 41.13399621212121,
    "sentKBytesPerSec" : 18.544823232323232
  }
}